,wx_account_name, count
0,英语谭,1
1,ZH正好,1
2,社区安全屋为平安加油,1
3,晚睡,1
4,小小苑,1
5,飞和视界,1
6,好姑娘光芒万丈,1
7,阿怡说,1
8,贵阳中医学院针灸推拿学院,1
9,JK英语,1
10,周国平,1
11,口袋英语美文,1
12,东方航空订阅号,1
13,鲸Media,1
14,开心词场,1
15,携程每日特惠,1
16,邯郸海之源心理,1
17,罗希可爱多,1
18,线话英语,2
19,假装在纽约,1
20,佛教讲课,1
21,清华五道口金融EMBA,1
22,合肥新东方托福,1
23,音乐台,1
24,华一艺术生文化课冲刺,1
25,小仙女酱,1
26,践人王,2
27,孟叔说,1
28,平安随行,1
29,高囍宝,1
30,TechNews科技新报,1
31,蔡雷英语,1
32,爱丽丝的成长笔记,1
33,菲尔德国际少儿英语密云中心,2
34,1920艺术馆,1
35,果库,1
36,丁香医生,1
37,北美湾区天天汇,1
38,唯美英文情诗,2
39,K社,1
40,926妈咪宝贝,1
41,金刚菩提,1
42,美国研究生申请分享,1
43,拇指城财大版,1
44,百特英语培训,1
45,懂你Gift,1
46,新起点教育,1
47,大学英语四级,1
48,缓缓说,2
49,创就津生,1
50,大连润海文化体育发展有限公司,1
51,英语伴读,1
52,美女媚,1
53,一只狗的文艺复兴,1
54,VOGOO,1
55,搜狗手机输入法,1
56,江湖夜雨不熄灯,1
57,宁波外轮理货有限公司工会委员会,1
58,永辉体育,1
59,职场闪电充,1
60,花花酱,1
61,混乱博物馆,1
62,Kyle,1
63,自黑狂魔唐大夫,1
64,中外学术情报,1
65,图南英语,1
66,意林,1
67,丽子美妆,1
68,极客视界,1
69,桃红梨白,1
70,与尔同消万古愁,1
71,向30岁进发,1
72,思维补丁,1
73,西果在线,1
74,旋转七天乐器,1
75,人神共奋,1
76,有束光,2
77,YangFanJame,1
78,北极光自助网课,1
79,一只鸡腿子,1
80,路易国际英语,2
81,种草小萌主,1
82,北京文惠卡官方订阅号,1
83,教你学英语,1
84,英桃果英语,1
85,拜托了收姐,3
86,美剧英语每天一句,1
87,来自世界的美意,1
88,天方燕谈,1
89,天湖小舟,1
90,小鑫醒了,1
91,天大机械科协,1
92,Jennifer邀你瞎逛逛,1
93,美文共享,1
94,桃花马上石榴裙,1
95,多知网,1
96,菁城子,1
97,太原理工大学团委,1
98,英语好教师,1
99,遇见番茄,1
100,快乐8分钟,1
101,联合海格,1
102,21世纪英文报,2
103,英语风,1
104,微英语,1
105,平和途冠留学,1
106,中南大刑事司法学院团委,1
107,英语口语小课堂,1
108,安恒利国际,1
109,烟风,1
110,影单来了,4
111,安琪和萝拉,11
112,ISABELLE翠,1
113,长安福特学习运用分享平台,1
114,微思小动,1
115,乐中学,1
116,加州国际儿童俱乐部,1
117,日韩买买买,1
118,中国移动上海公司团委,1
119,经管之家,1
120,捡书姑娘,1
121,星际银河影城,1
122,新海归精英联盟,1
123,上应微学工,1
124,小道消息,2
125,小宝的英语教室,1
126,天际教育,1
127,书单来了,5
128,智东西,1
129,EEE文化中心,1
130,颜辞,1
131,行路读书,1
132,英语周报订阅号,1
133,西安环球教育,1
134,自由翻译日记,1
135,少年怒马,1
136,张佳玮写字的地方,1
137,一万口新鲜,1
138,武志红,1
139,读不懂的诗歌与去不了的远方,1
140,一星期一本书,1
141,大人要脸,1
142,遇见小mi,3
143,小懒同学哇,1
144,城南邮局,1
145,隔壁发行,1
146,红杉树智能英语市场服务,1
147,西安吉的堡科技校,1
148,山河小岁月,1
149,懂你学考,2
150,北京学大教育,1
151,番尼兔,1
152,CU检说法,1
153,新东方在线考研,1
154,北京百通思达翻译有限公司,1
155,左右青春,1
156,英语美文,3
157,澳家,1
158,百思英语工作室,1
159,春风十里不如懂你,3
160,DT数据侠,1
161,半城,1
162,小芳老师,1
163,钢琴,1
164,阿何有话说,1
165,西宁市智易方教育培训学校,1
166,芥末堆看教育,1
167,就是好厉害,1
168,高太爷,1
169,英语童话镇,1
170,KIKI的地下实验室,1
171,施言乱语,1
172,地球知识局,1
173,东东和西西,1
174,墨守珵规,1
175,HippieLife,1
176,大连朗阁培训中心,1
177,Mia敏而好学,2
178,申江服务导报,1
179,爱学英语的职场人Claudia,1
180,滴答澳洲站,1
181,李小木的小江湖,1
182,中一美文朗读,1
183,知情意行在路上,1
184,西班牙华人信息直通车,1
185,朋客英语联盟,1
186,乐舞星途,1
187,连岳,3
188,新绛ABC英语,1
189,Hotelers,1
190,BlueCar,1
191,文传学工,1
192,微译学国际教育在线,1
193,心语星缘,1
194,外语学习资源,1
195,攀枝花小新星教育,1
196,卡尔赫林,1
197,李月亮,1
198,油炸绿番茄,1
199,老斯基漂移,1
200,可以写字,1
201,琢磨先生,1
202,自己的成长,1
203,免费掌阅读,1
204,美文插画集,1
205,牵手世界,1
206,嗨说英语,1
207,为你写一个故事,1
208,电影派,1
209,聚梦园,1
210,超级沟通术,1
211,东方烟草报,1
212,沪江运营社,1
213,令狐富贵,1
214,先枫报,1
215,妈咪成长手册,1
216,懂你时光,1
217,北师大物理学系分团委,1
218,进击的慕慕,158
219,百分百英语,1
220,爱英语,2
221,眸中深海,1
222,医见投研,1
223,外贸人之家,1
224,请尊重一个姑娘的努力,1
225,占豪,1
226,小川叔,1
227,一个黄藜,1
228,潇Sa说,1
229,头条新闻频道,1
230,优习英语网,1
231,枫叶一家亲,1
232,南京晓庄学院学生会,1
233,美剧学长,1
234,海报网,1
235,培耳外语工作室,1
236,遇见商大Pro,1
237,十八般污艺,1
238,MAXINE时尚日记,1
239,有书,1
240,江湖人称艾掌门,1
241,人民智慧网,1
242,行长男朋友,1
243,英语语录,1
244,每日听力,1
245,清华帮,1
246,virusdefender,1
247,秦小明,1
248,彭个瑶,1
249,明师俱乐部,1
250,蝉创意,1
251,打浦桥Leehom,1
252,福州韦博英语培训中心,1
253,再深一点,1
254,英语每日充电,1
255,一个程序员的日常,1
256,每日星座运势,1
257,EGONetworks,1
258,减脂餐轻松做,2
259,假装学英语,1
260,大大的世界和小小的人儿,1
261,佰洁桑的小确幸,1
262,梦幻微场景,1
263,StudyStudy,1
264,悦思学习源动力,1
265,腰线,1
266,麦家陪你读书,1
267,Power铂尔教育,2
268,ipop,1
269,心智胜境,1
270,Echo陪你练口语,1
271,星球研究所,1
272,夜伴新青年,1
273,灼见,1
274,口琴,1
275,泽华财税,1
276,玉米味Heidi,1
277,中学语文教学参考河南站,1
278,硬核少女,1
279,一读,2
280,青涩日记,1
281,英语口语,1
282,懂你英语,1
283,大李吃西瓜,1
284,菲思留学移民,1
285,亚马逊图书音像,1
286,Cathy猫的英语世界,1
287,Linda留学外语小站,1
288,大J小D,1
289,创新教育实验室,1
290,都市女子图鉴,2
291,逸娅随笔,1
292,另维和Yellow,1
293,西双版纳报,1
294,英语那点事儿,1
295,极客公园,1
296,萝严肃,1
297,懂你英语精品课堂,1
298,树不子,1
299,巴巴家房产网,1
300,剽悍一只猫,1
301,我是柳主任,1
302,西安领养日,1
303,nill学长伴你考研,1
304,优购电子商务平台,1
305,宝贝伴读,1
306,懂你白金号,4
307,精彩语录,1
308,沪江网校,1
309,来一起读绘本,1
310,张先生说,1
311,PinPharmacyIntelligence,1
312,bookface,1
313,外语学堂,4
314,育儿宝典,1
315,一直特立独行的猫,1
316,东八区区花,1
317,大Mia的时尚账号,1
318,南京信息工程大学雷丁学院,1
319,四川理工社联,1
320,几米漫画,1
321,家长日报,1
322,出国1号站,1
323,北汽绅宝徐州百骏旗舰店,1
324,鲁瑾脱口秀,3
325,陈大力,1
326,王冠雄,1
327,kinderpower,1
328,潮音乐,1
329,奔跑的老蔡,4
330,陈慕元,21
331,浦东孵化联盟,1
332,全食物日记,1
333,DisneyEnglish,2
334,红肚兜儿,1
335,懂你学堂,41
336,中国人民大学留学,1
337,青年文摘,1
338,新东方在线,1
339,MISS南,2
340,谷大白话,1
341,原版进口英语教材,1
342,StellarEnglish,1
343,常叔怪谈,1
344,才华有限青年,1
345,王耳朵先生,1
346,Thundersoft中科创达,1
347,有点自卑,1
348,深大通,1
349,小花生网,1
350,福田图书馆,1
351,心语美文,1
352,锌财经,1
353,青年文摘报,1
354,说钱,1
355,了不起我的国,1
356,长安福特,1
357,VOA小密圈,1
358,笑多不怀孕,1
359,社会学了没,1
360,微悉尼,1
361,英语视频,1
362,中西景程,1
363,G.P.A,1
364,覔书店,1
365,半仙幺幺,1
366,山花开了,1
